10015.jpg,1245,1551,2215,2763,5l
10015.jpg,1553,1617,1871,1933,neck
10147.jpg,1164,690,2921,2156,5l
10147.jpg,2121,1023,2579,1471,neck
10270.jpg,359,1351,1721,3020,5l
10270.jpg,621,2063,1040,2457,neck
10409.jpg,1821,723,2426,1304,neck
10409.jpg,1379,666,3002,2828,5l
10481.jpg,1692,1414,1987,1709,neck
10481.jpg,1677,1142,2872,2107,5l
10572.jpg,259,823,750,1342,neck
10572.jpg,259,328,2283,1752,5l
10580.jpg,2598,1256,3107,1790,neck
10580.jpg,1198,809,3083,2247,5l
10628.jpg,1236,685,3445,2385,5l
10628.jpg,2855,1209,3488,1809,neck
10926.jpg,1245,9,3264,1904,5l
10926.jpg,1693,956,2259,1494,neck
11058.jpg,969,1839,2135,3115,5l
11058.jpg,1739,1923,1983,2125,neck
11178.jpg,1850,1428,2659,2509,5l
11178.jpg,2113,2231,2383,2477,neck
11313.jpg,1459,1204,2359,1875,5l
11313.jpg,2112,1414,2340,1642,neck
11356.jpg,974,471,2531,1733,5l
11356.jpg,2064,1061,2474,1433,neck
11541.jpg,1464,1204,2355,1875,5l
11541.jpg,2102,1418,2340,1642,neck
11618.jpg,1035,156,3083,2823,5l
11618.jpg,1607,1656,2321,2285,neck
11848.jpg,1840,1404,2750,2671,5l
11848.jpg,2188,1633,2498,1914,neck
12235.jpg,1784,1652,2531,2666,5l
12235.jpg,2055,1685,2274,1909,neck
12238.jpg,774,0,2831,2023,5l
12238.jpg,898,956,1302,1356,neck
1226.jpg,1312,971,2888,2890,5l
1226.jpg,1707,2071,2136,2480,neck
13016.jpg,1071,1963,2234,3295,5l
13016.jpg,1246,2395,1503,2607,neck
13314.jpg,1240,971,3012,2433,5l
13314.jpg,2621,1599,3055,2047,neck
13717.jpg,1526,1009,2479,2280,5l
13717.jpg,1821,1861,2155,2166,neck
13740.jpg,1040,782,3078,2876,5l
13740.jpg,1021,1238,1515,1688,neck
14116.jpg,1240,438,3478,3119,5l
14116.jpg,1821,2537,2516,3119,neck
14280.jpg,1084,1551,2278,2970,5l
14280.jpg,1790,2082,2096,2332,neck
14397.jpg,293,523,2288,2875,5l
14397.jpg,679,2104,1226,2637,neck
14480.jpg,526,9,3021,3085,5l
14480.jpg,1274,23,2202,956,neck
14487.jpg,996,995,2496,2901,5l
14487.jpg,1403,1001,1934,1520,neck
26230.jpg,2114,1414,2342,1637,neck
26230.jpg,1447,1194,2359,1882,5l
